"blind_id","detection_status"
"blind_000001","missed"
"blind_000002","missed"
"blind_000003","missed"
"blind_000004","missed"
"blind_000005","missed"
"blind_000006","missed"
"blind_000007","missed"
"blind_000008","missed"
"blind_000009","missed"
"blind_000010","missed"
"blind_000011","missed"
"blind_000012","missed"
"blind_000013","missed"
"blind_000014","missed"
"blind_000015","missed"
"blind_000016","missed"
"blind_000017","missed"
"blind_000018","missed"
"blind_000019","found"
"blind_000020","missed"
"blind_000021","missed"
"blind_000022","missed"
"blind_000023","missed"
"blind_000024","found"
"blind_000025","missed"
"blind_000026","missed"
"blind_000027","missed"
"blind_000028","missed"
"blind_000029","missed"
"blind_000030","missed"
"blind_000031","missed"
"blind_000032","missed"
"blind_000033","missed"
"blind_000034","missed"
"blind_000035","found"
"blind_000036","missed"
"blind_000037","missed"
"blind_000038","missed"
"blind_000039","missed"
"blind_000040","missed"
"blind_000041","missed"
"blind_000042","missed"
"blind_000043","missed"
"blind_000044","found"
"blind_000045","missed"
"blind_000046","missed"
"blind_000047","missed"
"blind_000048","missed"
"blind_000049","missed"
"blind_000050","missed"
"blind_000051","missed"
"blind_000052","missed"
"blind_000053","missed"
"blind_000054","missed"
"blind_000055","missed"
"blind_000056","missed"
"blind_000057","missed"
"blind_000058","missed"
"blind_000059","missed"
"blind_000060","missed"
"blind_000061","missed"
"blind_000062","missed"
"blind_000063","missed"
"blind_000064","missed"
"blind_000065","found"
"blind_000066","found"
"blind_000067","missed"
"blind_000068","found"
"blind_000069","found"
"blind_000070","missed"
"blind_000071","missed"
"blind_000072","missed"
"blind_000073","missed"
"blind_000074","missed"
"blind_000075","missed"
"blind_000076","missed"
"blind_000077","missed"
"blind_000078","missed"
"blind_000079","missed"
"blind_000080","missed"
"blind_000081","found"
"blind_000082","missed"
"blind_000083","missed"
"blind_000084","missed"
"blind_000085","found"
"blind_000086","found"
"blind_000087","missed"
"blind_000088","missed"
"blind_000089","missed"
"blind_000090","missed"
"blind_000091","missed"
"blind_000092","missed"
"blind_000093","missed"
"blind_000094","missed"
"blind_000095","missed"
"blind_000096","missed"
"blind_000097","missed"
"blind_000098","missed"
"blind_000099","missed"
"blind_000100","missed"
"blind_000101","missed"
"blind_000102","missed"
"blind_000103","missed"
"blind_000104","found"
"blind_000105","found"
"blind_000106","found"
"blind_000107","found"
"blind_000108","found"
"blind_000109","missed"
"blind_000110","missed"
"blind_000111","missed"
"blind_000112","missed"
"blind_000113","missed"
"blind_000114","missed"
"blind_000115","missed"
"blind_000116","missed"
"blind_000117","found"
"blind_000118","missed"
"blind_000119","missed"
"blind_000120","missed"
"blind_000121","missed"
"blind_000122","found"
"blind_000123","found"
"blind_000124","missed"
"blind_000125","missed"
"blind_000126","missed"
"blind_000127","missed"
"blind_000128","missed"
"blind_000129","found"
"blind_000130","found"
"blind_000131","missed"
"blind_000132","missed"
"blind_000133","missed"
"blind_000134","missed"
"blind_000135","found"
"blind_000136","found"
"blind_000137","found"
"blind_000138","missed"
"blind_000139","found"
"blind_000140","found"
"blind_000141","found"
"blind_000142","found"
"blind_000143","found"
"blind_000144","found"
"blind_000145","missed"
"blind_000146","missed"
"blind_000147","missed"
"blind_000148","missed"
"blind_000149","missed"
"blind_000150","missed"
"blind_000151","missed"
"blind_000152","missed"
"blind_000153","missed"
"blind_000154","missed"
"blind_000155","missed"
"blind_000156","missed"
"blind_000157","missed"
"blind_000158","missed"
"blind_000159","missed"
"blind_000160","missed"
"blind_000161","missed"
"blind_000162","missed"
"blind_000163","missed"
"blind_000164","missed"
"blind_000165","missed"
"blind_000166","missed"
"blind_000167","missed"
"blind_000168","found"
"blind_000169","missed"
"blind_000170","found"
"blind_000171","missed"
"blind_000172","missed"
"blind_000173","missed"
"blind_000174","found"
"blind_000175","missed"
"blind_000176","missed"
"blind_000177","missed"
"blind_000178","found"
"blind_000179","missed"
"blind_000180","missed"
"blind_000181","missed"
"blind_000182","missed"
"blind_000183","missed"
"blind_000184","missed"
"blind_000185","missed"
"blind_000186","missed"
"blind_000187","missed"
"blind_000188","missed"
"blind_000189","missed"
"blind_000190","missed"
"blind_000191","missed"
"blind_000192","missed"
"blind_000193","missed"
"blind_000194","missed"
"blind_000195","missed"
"blind_000196","missed"
"blind_000197","missed"
"blind_000198","missed"
"blind_000199","missed"
"blind_000200","missed"
"blind_000201","missed"
"blind_000202","found"
"blind_000203","found"
"blind_000204","missed"
"blind_000205","missed"
"blind_000206","missed"
"blind_000207","missed"
"blind_000208","missed"
"blind_000209","missed"
"blind_000210","missed"
"blind_000211","missed"
"blind_000212","missed"
"blind_000213","missed"
"blind_000214","missed"
"blind_000215","missed"
"blind_000216","missed"
"blind_000217","missed"
"blind_000218","missed"
"blind_000219","missed"
"blind_000220","missed"
"blind_000221","missed"
"blind_000222","missed"
"blind_000223","missed"
"blind_000224","missed"
"blind_000225","missed"
"blind_000226","missed"
"blind_000227","missed"
"blind_000228","found"
"blind_000229","found"
"blind_000230","found"
"blind_000231","found"
"blind_000232","missed"
"blind_000233","missed"
"blind_000234","missed"
"blind_000235","missed"
"blind_000236","found"
"blind_000237","found"
"blind_000238","missed"
"blind_000239","missed"
"blind_000240","missed"
"blind_000241","missed"
"blind_000242","found"
"blind_000243","missed"
"blind_000244","found"
"blind_000245","missed"
"blind_000246","missed"
"blind_000247","missed"
"blind_000248","missed"
"blind_000249","found"
"blind_000250","found"
"blind_000251","missed"
"blind_000252","found"
"blind_000253","found"
"blind_000254","missed"
"blind_000255","found"
"blind_000256","missed"
"blind_000257","missed"
"blind_000258","found"
"blind_000259","missed"
"blind_000260","found"
"blind_000261","missed"
"blind_000262","missed"
"blind_000263","found"
"blind_000264","found"
"blind_000265","found"
"blind_000266","missed"
"blind_000267","missed"
"blind_000268","missed"
"blind_000269","missed"
"blind_000270","missed"
"blind_000271","found"
"blind_000272","missed"
"blind_000273","found"
"blind_000274","missed"
"blind_000275","missed"
"blind_000276","missed"
"blind_000277","missed"
"blind_000278","missed"
"blind_000279","missed"
"blind_000280","missed"
"blind_000281","found"
"blind_000282","found"
"blind_000283","found"
"blind_000284","found"
"blind_000285","found"
"blind_000286","missed"
"blind_000287","found"
"blind_000288","found"
"blind_000289","found"
"blind_000290","missed"
"blind_000291","found"
"blind_000292","missed"
"blind_000293","missed"
"blind_000294","missed"
"blind_000295","missed"
"blind_000296","missed"
"blind_000297","missed"
"blind_000298","missed"
"blind_000299","missed"
"blind_000300","missed"
"blind_000301","found"
"blind_000302","missed"
"blind_000303","found"
"blind_000304","missed"
"blind_000305","found"
"blind_000306","found"
"blind_000307","found"
"blind_000308","missed"
"blind_000309","missed"
"blind_000310","missed"
"blind_000311","found"
"blind_000312","missed"
"blind_000313","missed"
"blind_000314","missed"
"blind_000315","missed"
"blind_000316","missed"
"blind_000317","missed"
"blind_000318","missed"
"blind_000319","found"
"blind_000320","found"
"blind_000321","missed"
"blind_000322","found"
"blind_000323","found"
"blind_000324","missed"
"blind_000325","found"
"blind_000326","missed"
"blind_000327","missed"
"blind_000328","missed"
"blind_000329","missed"
"blind_000330","missed"
"blind_000331","found"
"blind_000332","missed"
"blind_000333","missed"
"blind_000334","found"
"blind_000335","found"
"blind_000336","found"
"blind_000337","missed"
"blind_000338","missed"
"blind_000339","missed"
"blind_000340","missed"
"blind_000341","missed"
"blind_000342","missed"
"blind_000343","missed"
"blind_000344","missed"
"blind_000345","missed"
"blind_000346","missed"
"blind_000347","missed"
"blind_000348","missed"
"blind_000349","missed"
"blind_000350","missed"
"blind_000351","missed"
"blind_000352","missed"
"blind_000353","found"
"blind_000354","missed"
"blind_000355","missed"
"blind_000356","missed"
"blind_000357","missed"
"blind_000358","missed"
"blind_000359","missed"
"blind_000360","missed"
"blind_000361","missed"
"blind_000362","missed"
"blind_000363","missed"
"blind_000364","missed"
"blind_000365","missed"
"blind_000366","missed"
"blind_000367","missed"
"blind_000368","missed"
"blind_000369","missed"
"blind_000370","missed"
"blind_000371","missed"
"blind_000372","found"
"blind_000373","missed"
"blind_000374","found"
"blind_000375","missed"
"blind_000376","missed"
"blind_000377","found"
"blind_000378","found"
"blind_000379","found"
"blind_000380","missed"
"blind_000381","found"
"blind_000382","found"
"blind_000383","found"
"blind_000384","found"
"blind_000385","found"
"blind_000386","missed"
"blind_000387","missed"
"blind_000388","missed"
"blind_000389","missed"
"blind_000390","missed"
"blind_000391","missed"
"blind_000392","missed"
"blind_000393","missed"
"blind_000394","missed"
"blind_000395","missed"
"blind_000396","missed"
"blind_000397","found"
"blind_000398","found"
"blind_000399","found"
"blind_000400","found"
"blind_000401","found"
"blind_000402","found"
"blind_000403","found"
"blind_000404","found"
"blind_000405","found"
"blind_000406","found"
"blind_000407","found"
"blind_000408","found"
"blind_000409","found"
"blind_000410","missed"
"blind_000411","missed"
"blind_000412","missed"
"blind_000413","missed"
"blind_000414","missed"
"blind_000415","missed"
"blind_000416","missed"
"blind_000417","missed"
"blind_000418","missed"
"blind_000419","missed"
"blind_000420","missed"
"blind_000421","missed"
"blind_000422","missed"
"blind_000423","missed"
"blind_000424","missed"
"blind_000425","missed"
"blind_000426","missed"
"blind_000427","missed"
"blind_000428","missed"
"blind_000429","missed"
"blind_000430","missed"
"blind_000431","found"
"blind_000432","missed"
"blind_000433","missed"
"blind_000434","missed"
"blind_000435","missed"
"blind_000436","missed"
"blind_000437","missed"
"blind_000438","missed"
"blind_000439","missed"
"blind_000440","missed"
"blind_000441","missed"
"blind_000442","missed"
"blind_000443","missed"
"blind_000444","missed"
"blind_000445","missed"
"blind_000446","missed"
"blind_000447","missed"
"blind_000448","found"
"blind_000449","found"
"blind_000450","missed"
"blind_000451","found"
"blind_000452","found"
"blind_000453","missed"
"blind_000454","missed"
"blind_000455","missed"
"blind_000456","found"
"blind_000457","missed"
"blind_000458","missed"
"blind_000459","missed"
"blind_000460","missed"
"blind_000461","found"
"blind_000462","missed"
"blind_000463","missed"
"blind_000464","missed"
"blind_000465","missed"
"blind_000466","missed"
"blind_000467","found"
"blind_000468","found"
"blind_000469","missed"
"blind_000470","missed"
"blind_000471","missed"
"blind_000472","found"
"blind_000473","missed"
"blind_000474","missed"
"blind_000475","found"
"blind_000476","missed"
"blind_000477","found"
"blind_000478","missed"
"blind_000479","missed"
"blind_000480","missed"
"blind_000481","missed"
"blind_000482","missed"
"blind_000483","missed"
"blind_000484","missed"
"blind_000485","missed"
"blind_000486","missed"
"blind_000487","missed"
"blind_000488","missed"
"blind_000489","missed"
"blind_000490","missed"
"blind_000491","missed"
"blind_000492","missed"
"blind_000493","missed"
"blind_000494","found"
"blind_000495","found"
"blind_000496","found"
"blind_000497","found"
"blind_000498","found"
"blind_000499","found"
"blind_000500","missed"
"blind_000501","found"
"blind_000502","found"
"blind_000503","missed"
"blind_000504","missed"
"blind_000505","missed"
"blind_000506","found"
"blind_000507","found"
"blind_000508","found"
"blind_000509","found"
"blind_000510","found"
"blind_000511","found"
"blind_000512","found"
"blind_000513","missed"
"blind_000514","missed"
"blind_000515","missed"
"blind_000516","found"
"blind_000517","missed"
"blind_000518","missed"
"blind_000519","missed"
"blind_000520","missed"
"blind_000521","missed"
"blind_000522","missed"
"blind_000523","missed"
"blind_000524","missed"
"blind_000525","missed"
"blind_000526","missed"
"blind_000527","missed"
"blind_000528","missed"
"blind_000529","missed"
"blind_000530","missed"
"blind_000531","missed"
"blind_000532","missed"
"blind_000533","missed"
"blind_000534","missed"
"blind_000535","missed"
"blind_000536","missed"
"blind_000537","missed"
"blind_000538","missed"
"blind_000539","missed"
"blind_000540","found"
"blind_000541","found"
"blind_000542","found"
"blind_000543","found"
"blind_000544","found"
"blind_000545","found"
"blind_000546","found"
"blind_000547","missed"
"blind_000548","found"
"blind_000549","found"
"blind_000550","found"
"blind_000551","found"
"blind_000552","found"
"blind_000553","missed"
"blind_000554","missed"
"blind_000555","found"
"blind_000556","missed"
"blind_000557","missed"
"blind_000558","missed"
"blind_000559","missed"
"blind_000560","missed"
"blind_000561","missed"
"blind_000562","missed"
"blind_000563","missed"
"blind_000564","missed"
"blind_000565","missed"
"blind_000566","missed"
"blind_000567","missed"
"blind_000568","missed"
"blind_000569","missed"
"blind_000570","missed"
"blind_000571","missed"
"blind_000572","found"
"blind_000573","missed"
"blind_000574","found"
"blind_000575","found"
"blind_000576","missed"
"blind_000577","found"
"blind_000578","found"
"blind_000579","found"
"blind_000580","found"
"blind_000581","found"
"blind_000582","missed"
"blind_000583","missed"
"blind_000584","found"
"blind_000585","found"
"blind_000586","missed"
"blind_000587","missed"
"blind_000588","found"
"blind_000589","missed"
"blind_000590","missed"
"blind_000591","missed"
"blind_000592","missed"
"blind_000593","missed"
"blind_000594","missed"
"blind_000595","missed"
"blind_000596","missed"
"blind_000597","missed"
"blind_000598","missed"
"blind_000599","missed"
"blind_000600","found"
"blind_000601","missed"
"blind_000602","missed"
"blind_000603","missed"
"blind_000604","missed"
"blind_000605","missed"
"blind_000606","missed"
"blind_000607","missed"
"blind_000608","missed"
"blind_000609","missed"
"blind_000610","missed"
"blind_000611","missed"
"blind_000612","found"
"blind_000613","missed"
"blind_000614","missed"
"blind_000615","found"
"blind_000616","missed"
"blind_000617","found"
"blind_000618","missed"
"blind_000619","found"
"blind_000620","missed"
"blind_000621","missed"
"blind_000622","missed"
"blind_000623","missed"
"blind_000624","missed"
"blind_000625","missed"
"blind_000626","missed"
"blind_000627","missed"
"blind_000628","missed"
"blind_000629","missed"
"blind_000630","missed"
"blind_000631","missed"
"blind_000632","missed"
"blind_000633","missed"
"blind_000634","missed"
"blind_000635","missed"
"blind_000636","missed"
"blind_000637","missed"
"blind_000638","missed"
"blind_000639","found"
"blind_000640","missed"
"blind_000641","found"
"blind_000642","missed"
"blind_000643","missed"
"blind_000644","found"
"blind_000645","missed"
"blind_000646","found"
"blind_000647","missed"
"blind_000648","missed"
"blind_000649","found"
"blind_000650","found"
"blind_000651","missed"
"blind_000652","found"
"blind_000653","missed"
"blind_000654","missed"
"blind_000655","missed"
"blind_000656","missed"
"blind_000657","missed"
"blind_000658","missed"
"blind_000659","found"
"blind_000660","found"
"blind_000661","found"
"blind_000662","missed"
"blind_000663","found"
"blind_000664","found"
"blind_000665","missed"
"blind_000666","missed"
"blind_000667","missed"
"blind_000668","missed"
"blind_000669","missed"
"blind_000670","missed"
"blind_000671","found"
"blind_000672","found"
"blind_000673","missed"
"blind_000674","missed"
"blind_000675","found"
"blind_000676","missed"
"blind_000677","missed"
"blind_000678","missed"
"blind_000679","missed"
"blind_000680","missed"
"blind_000681","missed"
"blind_000682","found"
"blind_000683","missed"
"blind_000684","found"
"blind_000685","missed"
"blind_000686","found"
"blind_000687","missed"
"blind_000688","missed"
"blind_000689","found"
"blind_000690","missed"
"blind_000691","found"
"blind_000692","found"
"blind_000693","found"
"blind_000694","found"
"blind_000695","found"
"blind_000696","found"
"blind_000697","missed"
"blind_000698","missed"
"blind_000699","missed"
"blind_000700","missed"
"blind_000701","missed"
"blind_000702","missed"
"blind_000703","missed"
"blind_000704","missed"
"blind_000705","missed"
"blind_000706","missed"
"blind_000707","found"
"blind_000708","missed"
"blind_000709","missed"
"blind_000710","found"
"blind_000711","missed"
"blind_000712","missed"
"blind_000713","missed"
"blind_000714","missed"
"blind_000715","missed"
"blind_000716","missed"
"blind_000717","missed"
"blind_000718","missed"
"blind_000719","missed"
"blind_000720","missed"
"blind_000721","missed"
"blind_000722","found"
"blind_000723","missed"
"blind_000724","found"
"blind_000725","missed"
"blind_000726","missed"
"blind_000727","missed"
"blind_000728","missed"
"blind_000729","missed"
"blind_000730","missed"
"blind_000731","missed"
"blind_000732","missed"
"blind_000733","missed"
"blind_000734","missed"
"blind_000735","missed"
"blind_000736","missed"
"blind_000737","missed"
"blind_000738","missed"
"blind_000739","missed"
"blind_000740","missed"
"blind_000741","missed"
"blind_000742","found"
"blind_000743","missed"
"blind_000744","missed"
"blind_000745","missed"
"blind_000746","missed"
"blind_000747","missed"
"blind_000748","found"
"blind_000749","missed"
"blind_000750","missed"
"blind_000751","found"
"blind_000752","missed"
"blind_000753","found"
"blind_000754","missed"
"blind_000755","missed"
"blind_000756","missed"
"blind_000757","missed"
"blind_000758","missed"
"blind_000759","missed"
"blind_000760","found"
"blind_000761","found"
"blind_000762","missed"
"blind_000763","missed"
"blind_000764","missed"
"blind_000765","missed"
"blind_000766","missed"
"blind_000767","missed"
"blind_000768","missed"
"blind_000769","missed"
"blind_000770","missed"
"blind_000771","missed"
"blind_000772","missed"
"blind_000773","missed"
"blind_000774","missed"
"blind_000775","missed"
"blind_000776","missed"
"blind_000777","found"
"blind_000778","missed"
"blind_000779","missed"
"blind_000780","missed"
"blind_000781","found"
"blind_000782","missed"
"blind_000783","missed"
"blind_000784","missed"
"blind_000785","missed"
"blind_000786","missed"
"blind_000787","found"
"blind_000788","found"
"blind_000789","found"
"blind_000790","missed"
"blind_000791","found"
"blind_000792","missed"
"blind_000793","missed"
"blind_000794","missed"
"blind_000795","missed"
"blind_000796","missed"
"blind_000797","missed"
"blind_000798","found"
"blind_000799","missed"
"blind_000800","found"
"blind_000801","missed"
"blind_000802","missed"
"blind_000803","missed"
"blind_000804","missed"
"blind_000805","missed"
"blind_000806","found"
"blind_000807","found"
"blind_000808","missed"
"blind_000809","missed"
"blind_000810","missed"
"blind_000811","missed"
"blind_000812","missed"
"blind_000813","missed"
"blind_000814","missed"
"blind_000815","found"
"blind_000816","found"
"blind_000817","found"
"blind_000818","missed"
"blind_000819","found"
"blind_000820","missed"
"blind_000821","missed"
"blind_000822","found"
"blind_000823","found"
"blind_000824","missed"
"blind_000825","missed"
"blind_000826","found"
"blind_000827","missed"
"blind_000828","missed"
"blind_000829","missed"
"blind_000830","found"
"blind_000831","missed"
"blind_000832","missed"
"blind_000833","missed"
"blind_000834","missed"
"blind_000835","missed"
"blind_000836","found"
"blind_000837","missed"
"blind_000838","found"
"blind_000839","found"
"blind_000840","found"
"blind_000841","missed"
"blind_000842","missed"
"blind_000843","missed"
"blind_000844","missed"
"blind_000845","found"
"blind_000846","found"
"blind_000847","found"
"blind_000848","missed"
"blind_000849","missed"
"blind_000850","missed"
"blind_000851","missed"
"blind_000852","missed"
"blind_000853","found"
"blind_000854","found"
"blind_000855","missed"
"blind_000856","found"
"blind_000857","missed"
"blind_000858","missed"
"blind_000859","found"
"blind_000860","missed"
"blind_000861","missed"
"blind_000862","missed"
"blind_000863","missed"
"blind_000864","missed"
"blind_000865","found"
"blind_000866","found"
"blind_000867","missed"
"blind_000868","missed"
"blind_000869","missed"
"blind_000870","missed"
"blind_000871","missed"
"blind_000872","missed"
"blind_000873","missed"
"blind_000874","missed"
"blind_000875","missed"
"blind_000876","missed"
"blind_000877","missed"
"blind_000878","missed"
"blind_000879","missed"
"blind_000880","missed"
"blind_000881","missed"
"blind_000882","missed"
"blind_000883","found"
"blind_000884","missed"
"blind_000885","found"
"blind_000886","found"
"blind_000887","found"
"blind_000888","found"
"blind_000889","missed"
"blind_000890","found"
"blind_000891","found"
"blind_000892","found"
"blind_000893","found"
"blind_000894","found"
"blind_000895","found"
"blind_000896","found"
"blind_000897","found"
"blind_000898","missed"
"blind_000899","found"
"blind_000900","found"
"blind_000901","found"
"blind_000902","found"
"blind_000903","found"
"blind_000904","missed"
"blind_000905","found"
"blind_000906","found"
"blind_000907","found"
"blind_000908","found"
"blind_000909","missed"
"blind_000910","missed"
"blind_000911","missed"
"blind_000912","missed"
"blind_000913","missed"
"blind_000914","missed"
"blind_000915","missed"
"blind_000916","found"
"blind_000917","missed"
"blind_000918","missed"
"blind_000919","missed"
"blind_000920","missed"
"blind_000921","missed"
"blind_000922","missed"
"blind_000923","missed"
"blind_000924","missed"
"blind_000925","missed"
"blind_000926","missed"
"blind_000927","missed"
"blind_000928","missed"
"blind_000929","missed"
"blind_000930","missed"
"blind_000931","missed"
"blind_000932","missed"
"blind_000933","missed"
"blind_000934","missed"
"blind_000935","missed"
"blind_000936","missed"
"blind_000937","missed"
"blind_000938","missed"
"blind_000939","missed"
"blind_000940","missed"
"blind_000941","missed"
"blind_000942","missed"
"blind_000943","missed"
"blind_000944","missed"
"blind_000945","missed"
"blind_000946","missed"
"blind_000947","missed"
"blind_000948","found"
"blind_000949","missed"
"blind_000950","missed"
"blind_000951","missed"
"blind_000952","missed"
"blind_000953","missed"
"blind_000954","missed"
"blind_000955","missed"
"blind_000956","missed"
"blind_000957","missed"
"blind_000958","missed"
"blind_000959","missed"
"blind_000960","missed"
"blind_000961","missed"
"blind_000962","missed"
"blind_000963","missed"
"blind_000964","missed"
"blind_000965","found"
"blind_000966","missed"
"blind_000967","missed"
"blind_000968","missed"
"blind_000969","missed"
"blind_000970","missed"
"blind_000971","missed"
"blind_000972","missed"
"blind_000973","missed"
"blind_000974","missed"
"blind_000975","missed"
"blind_000976","missed"
"blind_000977","missed"
"blind_000978","missed"
"blind_000979","found"
"blind_000980","missed"
"blind_000981","missed"
"blind_000982","missed"
"blind_000983","missed"
"blind_000984","missed"
"blind_000985","missed"
"blind_000986","missed"
"blind_000987","missed"
"blind_000988","missed"
"blind_000989","found"
"blind_000990","missed"
"blind_000991","missed"
"blind_000992","missed"
"blind_000993","missed"
"blind_000994","missed"
"blind_000995","missed"
"blind_000996","missed"
"blind_000997","missed"
"blind_000998","missed"
"blind_000999","missed"
"blind_001000","missed"
"blind_001001","missed"
"blind_001002","missed"
"blind_001003","missed"
"blind_001004","missed"
"blind_001005","missed"
"blind_001006","missed"
"blind_001007","missed"
"blind_001008","missed"
"blind_001009","missed"
"blind_001010","missed"
"blind_001011","missed"
"blind_001012","missed"
"blind_001013","missed"
"blind_001014","missed"
"blind_001015","missed"
"blind_001016","missed"
"blind_001017","missed"
"blind_001018","missed"
"blind_001019","found"
"blind_001020","found"
"blind_001021","found"
"blind_001022","found"
"blind_001023","missed"
"blind_001024","missed"
"blind_001025","found"
"blind_001026","missed"
"blind_001027","missed"
"blind_001028","found"
"blind_001029","found"
"blind_001030","missed"
"blind_001031","found"
"blind_001032","missed"
"blind_001033","missed"
"blind_001034","missed"
"blind_001035","missed"
"blind_001036","missed"
"blind_001037","missed"
"blind_001038","missed"
"blind_001039","missed"
"blind_001040","found"
"blind_001041","missed"
"blind_001042","missed"
"blind_001043","missed"
"blind_001044","missed"
"blind_001045","missed"
"blind_001046","missed"
"blind_001047","missed"
"blind_001048","missed"
"blind_001049","missed"
"blind_001050","missed"
"blind_001051","found"
"blind_001052","missed"
"blind_001053","missed"
"blind_001054","found"
"blind_001055","missed"
"blind_001056","missed"
"blind_001057","missed"
"blind_001058","found"
"blind_001059","missed"
"blind_001060","missed"
"blind_001061","missed"
"blind_001062","missed"
"blind_001063","found"
"blind_001064","missed"
"blind_001065","found"
"blind_001066","missed"
"blind_001067","missed"
"blind_001068","missed"
"blind_001069","missed"
"blind_001070","missed"
"blind_001071","missed"
"blind_001072","missed"
"blind_001073","missed"
"blind_001074","missed"
"blind_001075","missed"
"blind_001076","found"
"blind_001077","missed"
"blind_001078","found"
"blind_001079","missed"
"blind_001080","missed"
"blind_001081","missed"
"blind_001082","found"
"blind_001083","found"
"blind_001084","missed"
"blind_001085","found"
"blind_001086","found"
"blind_001087","missed"
"blind_001088","missed"
"blind_001089","missed"
"blind_001090","missed"
"blind_001091","missed"
"blind_001092","missed"
"blind_001093","missed"
"blind_001094","missed"
"blind_001095","missed"
"blind_001096","missed"
"blind_001097","missed"
"blind_001098","missed"
"blind_001099","missed"
"blind_001100","missed"
"blind_001101","found"
"blind_001102","found"
"blind_001103","found"
"blind_001104","missed"
"blind_001105","missed"
"blind_001106","found"
"blind_001107","missed"
"blind_001108","missed"
"blind_001109","missed"
"blind_001110","missed"
"blind_001111","found"
"blind_001112","found"
"blind_001113","found"
"blind_001114","found"
"blind_001115","found"
"blind_001116","found"
"blind_001117","missed"
"blind_001118","found"
"blind_001119","found"
"blind_001120","missed"
"blind_001121","found"
"blind_001122","found"
"blind_001123","found"
"blind_001124","missed"
"blind_001125","missed"
"blind_001126","found"
"blind_001127","missed"
"blind_001128","found"
"blind_001129","found"
"blind_001130","found"
"blind_001131","missed"
"blind_001132","missed"
"blind_001133","found"
"blind_001134","missed"
"blind_001135","found"
"blind_001136","missed"
"blind_001137","found"
"blind_001138","missed"
"blind_001139","found"
"blind_001140","missed"
"blind_001141","found"
"blind_001142","missed"
"blind_001143","missed"
"blind_001144","found"
"blind_001145","missed"
"blind_001146","missed"
"blind_001147","missed"
"blind_001148","found"
"blind_001149","found"
"blind_001150","found"
"blind_001151","missed"
"blind_001152","missed"
"blind_001153","missed"
"blind_001154","missed"
"blind_001155","missed"
"blind_001156","missed"
"blind_001157","missed"
"blind_001158","missed"
"blind_001159","missed"
"blind_001160","missed"
"blind_001161","missed"
"blind_001162","missed"
"blind_001163","missed"
"blind_001164","found"
"blind_001165","missed"
"blind_001166","missed"
"blind_001167","found"
"blind_001168","missed"
"blind_001169","missed"
"blind_001170","missed"
"blind_001171","missed"
"blind_001172","found"
"blind_001173","found"
"blind_001174","found"
"blind_001175","missed"
"blind_001176","missed"
"blind_001177","missed"
"blind_001178","missed"
"blind_001179","missed"
"blind_001180","missed"
"blind_001181","missed"
"blind_001182","missed"
"blind_001183","missed"
"blind_001184","missed"
"blind_001185","missed"
"blind_001186","missed"
"blind_001187","found"
"blind_001188","found"
"blind_001189","found"
"blind_001190","missed"
"blind_001191","found"
"blind_001192","missed"
"blind_001193","missed"
"blind_001194","found"
"blind_001195","found"
"blind_001196","found"
"blind_001197","missed"
"blind_001198","missed"
"blind_001199","missed"
"blind_001200","missed"
"blind_001201","missed"
"blind_001202","missed"
"blind_001203","missed"
"blind_001204","missed"
"blind_001205","missed"
"blind_001206","missed"
"blind_001207","missed"
"blind_001208","missed"
"blind_001209","missed"
"blind_001210","missed"
"blind_001211","missed"
"blind_001212","missed"
"blind_001213","missed"
"blind_001214","missed"
"blind_001215","missed"
"blind_001216","missed"
"blind_001217","missed"
"blind_001218","missed"
"blind_001219","missed"
"blind_001220","missed"
"blind_001221","missed"
"blind_001222","missed"
"blind_001223","missed"
"blind_001224","missed"
"blind_001225","missed"
"blind_001226","missed"
"blind_001227","missed"
"blind_001228","missed"
"blind_001229","missed"
"blind_001230","missed"
"blind_001231","missed"
"blind_001232","missed"
"blind_001233","missed"
"blind_001234","found"
"blind_001235","found"
"blind_001236","missed"
"blind_001237","found"
"blind_001238","missed"
"blind_001239","found"
"blind_001240","missed"
"blind_001241","found"
"blind_001242","missed"
"blind_001243","missed"
"blind_001244","found"
"blind_001245","found"
"blind_001246","missed"
"blind_001247","missed"
"blind_001248","missed"
"blind_001249","missed"
"blind_001250","found"
"blind_001251","found"
"blind_001252","missed"
"blind_001253","found"
"blind_001254","missed"
"blind_001255","missed"
"blind_001256","missed"
"blind_001257","missed"
"blind_001258","missed"
"blind_001259","missed"
"blind_001260","missed"
"blind_001261","found"
"blind_001262","found"
"blind_001263","missed"
"blind_001264","missed"
"blind_001265","missed"
"blind_001266","missed"
"blind_001267","missed"
"blind_001268","missed"
"blind_001269","missed"
"blind_001270","found"
"blind_001271","found"
"blind_001272","missed"
"blind_001273","missed"
"blind_001274","missed"
"blind_001275","missed"
"blind_001276","missed"
"blind_001277","missed"
"blind_001278","missed"
"blind_001279","missed"
"blind_001280","missed"
"blind_001281","missed"
"blind_001282","found"
"blind_001283","found"
"blind_001284","found"
"blind_001285","missed"
"blind_001286","found"
"blind_001287","missed"
"blind_001288","found"
"blind_001289","missed"
"blind_001290","found"
"blind_001291","found"
"blind_001292","found"
"blind_001293","missed"
"blind_001294","found"
"blind_001295","found"
"blind_001296","found"
"blind_001297","found"
"blind_001298","found"
"blind_001299","found"
"blind_001300","found"
"blind_001301","found"
"blind_001302","found"
"blind_001303","found"
"blind_001304","found"
"blind_001305","found"
"blind_001306","missed"
"blind_001307","missed"
"blind_001308","missed"
"blind_001309","missed"
"blind_001310","missed"
"blind_001311","missed"
"blind_001312","missed"
"blind_001313","missed"
"blind_001314","found"
"blind_001315","found"
"blind_001316","found"
"blind_001317","found"
"blind_001318","found"
"blind_001319","found"
"blind_001320","found"
"blind_001321","found"
"blind_001322","missed"
"blind_001323","missed"
"blind_001324","missed"
"blind_001325","found"
"blind_001326","found"
"blind_001327","found"
"blind_001328","found"
"blind_001329","missed"
"blind_001330","found"
"blind_001331","found"
"blind_001332","found"
"blind_001333","missed"
"blind_001334","missed"
"blind_001335","missed"
"blind_001336","missed"
"blind_001337","missed"
"blind_001338","missed"
"blind_001339","missed"
"blind_001340","missed"
"blind_001341","missed"
"blind_001342","missed"
"blind_001343","missed"
"blind_001344","found"
"blind_001345","found"
"blind_001346","found"
"blind_001347","found"
"blind_001348","found"
"blind_001349","found"
"blind_001350","missed"
"blind_001351","found"
"blind_001352","missed"
"blind_001353","missed"
"blind_001354","found"
"blind_001355","found"
"blind_001356","missed"
"blind_001357","missed"
"blind_001358","missed"
"blind_001359","found"
"blind_001360","missed"
"blind_001361","missed"
"blind_001362","missed"
"blind_001363","missed"
"blind_001364","missed"
"blind_001365","missed"
"blind_001366","missed"
"blind_001367","found"
"blind_001368","missed"
"blind_001369","missed"
"blind_001370","missed"
"blind_001371","found"
"blind_001372","found"
"blind_001373","found"
"blind_001374","found"
"blind_001375","missed"
"blind_001376","missed"
"blind_001377","missed"
"blind_001378","missed"
"blind_001379","missed"
"blind_001380","missed"
"blind_001381","missed"
"blind_001382","found"
"blind_001383","missed"
"blind_001384","found"
"blind_001385","found"
"blind_001386","found"
"blind_001387","found"
"blind_001388","found"
"blind_001389","missed"
"blind_001390","missed"
"blind_001391","missed"
"blind_001392","missed"
"blind_001393","missed"
"blind_001394","found"
"blind_001395","found"
"blind_001396","missed"
"blind_001397","missed"
"blind_001398","missed"
"blind_001399","missed"
"blind_001400","missed"
"blind_001401","missed"
"blind_001402","missed"
"blind_001403","missed"
"blind_001404","missed"
"blind_001405","missed"
"blind_001406","missed"
"blind_001407","missed"
"blind_001408","missed"
"blind_001409","missed"
"blind_001410","missed"
"blind_001411","found"
"blind_001412","found"
"blind_001413","found"
"blind_001414","missed"
"blind_001415","found"
"blind_001416","found"
"blind_001417","found"
"blind_001418","missed"
"blind_001419","found"
"blind_001420","missed"
"blind_001421","missed"
"blind_001422","found"
"blind_001423","missed"
"blind_001424","found"
"blind_001425","found"
"blind_001426","missed"
"blind_001427","missed"
"blind_001428","missed"
"blind_001429","missed"
"blind_001430","missed"
"blind_001431","missed"
"blind_001432","missed"
"blind_001433","missed"
"blind_001434","missed"
"blind_001435","found"
"blind_001436","found"
"blind_001437","missed"
"blind_001438","missed"
"blind_001439","missed"
"blind_001440","missed"
"blind_001441","missed"
"blind_001442","missed"
"blind_001443","missed"
"blind_001444","missed"
"blind_001445","missed"
"blind_001446","missed"
"blind_001447","missed"
"blind_001448","missed"
"blind_001449","found"
"blind_001450","missed"
"blind_001451","missed"
"blind_001452","found"
"blind_001453","found"
"blind_001454","missed"
"blind_001455","missed"
"blind_001456","missed"
"blind_001457","missed"
"blind_001458","missed"
"blind_001459","found"
"blind_001460","missed"
"blind_001461","found"
"blind_001462","missed"
"blind_001463","missed"
"blind_001464","found"
"blind_001465","found"
"blind_001466","found"
"blind_001467","missed"
"blind_001468","missed"
"blind_001469","missed"
"blind_001470","missed"
"blind_001471","missed"
"blind_001472","missed"
"blind_001473","missed"
"blind_001474","missed"
"blind_001475","missed"
"blind_001476","found"
"blind_001477","missed"
"blind_001478","found"
"blind_001479","missed"
"blind_001480","missed"
"blind_001481","found"
"blind_001482","missed"
"blind_001483","found"
"blind_001484","missed"
"blind_001485","found"
"blind_001486","found"
"blind_001487","found"
"blind_001488","missed"
"blind_001489","missed"
"blind_001490","found"
"blind_001491","missed"
"blind_001492","found"
"blind_001493","missed"
"blind_001494","missed"
"blind_001495","found"
"blind_001496","found"
"blind_001497","found"
"blind_001498","missed"
"blind_001499","found"
"blind_001500","missed"
"blind_001501","missed"
"blind_001502","found"
"blind_001503","found"
"blind_001504","missed"
"blind_001505","missed"
"blind_001506","missed"
"blind_001507","found"
"blind_001508","missed"
"blind_001509","missed"
"blind_001510","missed"
"blind_001511","found"
"blind_001512","missed"
"blind_001513","missed"
"blind_001514","missed"
"blind_001515","found"
"blind_001516","found"
"blind_001517","missed"
"blind_001518","missed"
"blind_001519","missed"
"blind_001520","found"
"blind_001521","found"
"blind_001522","missed"
"blind_001523","missed"
"blind_001524","missed"
"blind_001525","missed"
"blind_001526","missed"
"blind_001527","missed"
"blind_001528","missed"
"blind_001529","missed"
"blind_001530","missed"
"blind_001531","found"
"blind_001532","missed"
"blind_001533","missed"
"blind_001534","found"
"blind_001535","missed"
"blind_001536","found"
"blind_001537","missed"
"blind_001538","missed"
"blind_001539","missed"
"blind_001540","missed"
"blind_001541","missed"
"blind_001542","found"
"blind_001543","missed"
"blind_001544","found"
"blind_001545","found"
"blind_001546","found"
"blind_001547","missed"
"blind_001548","missed"
"blind_001549","missed"
"blind_001550","found"
"blind_001551","missed"
"blind_001552","missed"
"blind_001553","found"
"blind_001554","missed"
"blind_001555","found"
"blind_001556","found"
"blind_001557","missed"
"blind_001558","missed"
"blind_001559","missed"
"blind_001560","missed"
"blind_001561","missed"
"blind_001562","found"
"blind_001563","found"
"blind_001564","found"
"blind_001565","found"
"blind_001566","found"
"blind_001567","found"
"blind_001568","found"
"blind_001569","found"
"blind_001570","found"
"blind_001571","found"
"blind_001572","found"
"blind_001573","missed"
"blind_001574","missed"
"blind_001575","missed"
"blind_001576","missed"
"blind_001577","missed"
"blind_001578","found"
"blind_001579","missed"
"blind_001580","missed"
"blind_001581","missed"
"blind_001582","missed"
"blind_001583","missed"
"blind_001584","missed"
"blind_001585","missed"
"blind_001586","missed"
"blind_001587","missed"
"blind_001588","found"
"blind_001589","found"
"blind_001590","found"
"blind_001591","found"
"blind_001592","found"
"blind_001593","found"
"blind_001594","missed"
"blind_001595","found"
"blind_001596","missed"
"blind_001597","found"
"blind_001598","found"
"blind_001599","missed"
